<?xml version="1.0" encoding="UTF-8"?>
<project-private xmlns="http://www.netbeans.org/ns/project-private/1">
    <editor-bookmarks xmlns="http://www.netbeans.org/ns/editor-bookmarks/2" lastBookmarkId="0"/>
    <open-files xmlns="http://www.netbeans.org/ns/projectui-open-files/2">
        <group>
            <file>file:/D:/My%20Documents/NetBeansProjects/ArithmeticWebApp/web/multiply_outcome.jsp</file>
            <file>file:/D:/My%20Documents/NetBeansProjects/ArithmeticWebApp/web/options.html</file>
            <file>file:/D:/My%20Documents/NetBeansProjects/ArithmeticWebApp/web/WEB-INF/web.xml</file>
            <file>file:/D:/My%20Documents/NetBeansProjects/ArithmeticWebApp/src/java/za/ac/tut/model/ArithmeticManagerInterface.java</file>
            <file>file:/D:/My%20Documents/NetBeansProjects/ArithmeticWebApp/src/java/za/ac/tut/model/ArithmeticManager.java</file>
            <file>file:/D:/My%20Documents/NetBeansProjects/ArithmeticWebApp/src/java/za/ac/tut/web/AddServlet.java</file>
            <file>file:/D:/My%20Documents/NetBeansProjects/ArithmeticWebApp/web/add_outcome.jsp</file>
            <file>file:/D:/My%20Documents/NetBeansProjects/ArithmeticWebApp/web/index.html</file>
            <file>file:/D:/My%20Documents/NetBeansProjects/ArithmeticWebApp/web/multiply.html</file>
            <file>file:/D:/My%20Documents/NetBeansProjects/ArithmeticWebApp/src/java/za/ac/tut/web/MultiplyServlet.java</file>
            <file>file:/D:/My%20Documents/NetBeansProjects/ArithmeticWebApp/web/add.html</file>
        </group>
    </open-files>
</project-private>
