<?xml version="1.0" encoding="UTF-8"?>
<project-private xmlns="http://www.netbeans.org/ns/project-private/1">
    <editor-bookmarks xmlns="http://www.netbeans.org/ns/editor-bookmarks/2" lastBookmarkId="0"/>
    <open-files xmlns="http://www.netbeans.org/ns/projectui-open-files/2">
        <group>
            <file>file:/D:/My%20Documents/CoinTossingWebApp/src/java/za/ac/tut/web/LoginServlet.java</file>
            <file>file:/D:/My%20Documents/CoinTossingWebApp/src/java/za/ac/tut/model/CoinTossingInterface.java</file>
            <file>file:/D:/My%20Documents/CoinTossingWebApp/web/WEB-INF/web.xml</file>
            <file>file:/D:/My%20Documents/CoinTossingWebApp/src/java/za/ac/tut/model/CoinTossingManager.java</file>
            <file>file:/D:/My%20Documents/CoinTossingWebApp/web/index.html</file>
        </group>
    </open-files>
</project-private>
