<?xml version="1.0" encoding="UTF-8"?>
<project-private xmlns="http://www.netbeans.org/ns/project-private/1">
    <editor-bookmarks xmlns="http://www.netbeans.org/ns/editor-bookmarks/2" lastBookmarkId="0"/>
    <open-files xmlns="http://www.netbeans.org/ns/projectui-open-files/2">
        <group>
            <file>file:/C:/Users/keach/Documents/TUT%202023%20academic%20year/S2/AOP216D/Practice/Client%20and%20Servers/ATM/ATMServerApp/src/ac/za/tut/bl/AccountManager.java</file>
            <file>file:/C:/Users/keach/Documents/TUT%202023%20academic%20year/S2/AOP216D/Practice/Client%20and%20Servers/ATM/ATMServerApp/src/ac/za/tut/entity/Account.java</file>
            <file>file:/C:/Users/keach/Documents/TUT%202023%20academic%20year/S2/AOP216D/Practice/Client%20and%20Servers/ATM/ATMServerApp/src/ac/za/tut/bl/AccountManagerInterface.java</file>
            <file>file:/C:/Users/keach/Documents/TUT%202023%20academic%20year/S2/AOP216D/Practice/Client%20and%20Servers/ATM/ATMServerApp/src/atmserverapp/ATMServerApp.java</file>
        </group>
    </open-files>
</project-private>
