<?xml version="1.0" encoding="UTF-8"?>
<project-private xmlns="http://www.netbeans.org/ns/project-private/1">
    <editor-bookmarks xmlns="http://www.netbeans.org/ns/editor-bookmarks/2" lastBookmarkId="0"/>
    <open-files xmlns="http://www.netbeans.org/ns/projectui-open-files/2">
        <group>
            <file>file:/C:/Users/keach/Documents/TUT%202024%20Academic%20year/INT316D/Practice/JPQL/LearnerManager/LearnerManagerWebApp/web/add_learner_outcome.jsp</file>
            <file>file:/C:/Users/keach/Documents/TUT%202024%20Academic%20year/INT316D/Practice/JPQL/LearnerManager/LearnerManagerWebApp/web/youngestf_outcome.jsp</file>
            <file>file:/C:/Users/keach/Documents/TUT%202024%20Academic%20year/INT316D/Practice/JPQL/LearnerManager/LearnerManagerWebApp/web/per_gender_outcome.jsp</file>
            <file>file:/C:/Users/keach/Documents/TUT%202024%20Academic%20year/INT316D/Practice/JPQL/LearnerManager/LearnerManagerWebApp/web/getYoungestFemale.html</file>
            <file>file:/C:/Users/keach/Documents/TUT%202024%20Academic%20year/INT316D/Practice/JPQL/LearnerManager/LearnerManagerWebApp/src/java/za/ac/tut/web/YoungestFemaleServlet.java</file>
            <file>file:/C:/Users/keach/Documents/TUT%202024%20Academic%20year/INT316D/Practice/JPQL/LearnerManager/LearnerManagerWebApp/src/java/za/ac/tut/web/AddLearnerServlet.java</file>
            <file>file:/C:/Users/keach/Documents/TUT%202024%20Academic%20year/INT316D/Practice/JPQL/LearnerManager/LearnerManagerWebApp/web/menu.html</file>
            <file>file:/C:/Users/keach/Documents/TUT%202024%20Academic%20year/INT316D/Practice/JPQL/LearnerManager/LearnerManagerWebApp/web/getLearnerPerGender.html</file>
            <file>file:/C:/Users/keach/Documents/TUT%202024%20Academic%20year/INT316D/Practice/JPQL/LearnerManager/LearnerManagerWebApp/web/index.html</file>
            <file>file:/C:/Users/keach/Documents/TUT%202024%20Academic%20year/INT316D/Practice/JPQL/LearnerManager/LearnerManagerWebApp/web/add_learner.html</file>
            <file>file:/C:/Users/keach/Documents/TUT%202024%20Academic%20year/INT316D/Practice/JPQL/LearnerManager/LearnerManagerWebApp/src/java/za/ac/tut/web/GetLearnerPerGenderServlet.java</file>
        </group>
    </open-files>
</project-private>
