<?xml version="1.0" encoding="UTF-8"?>
<project-private xmlns="http://www.netbeans.org/ns/project-private/1">
    <editor-bookmarks xmlns="http://www.netbeans.org/ns/editor-bookmarks/2" lastBookmarkId="0"/>
    <open-files xmlns="http://www.netbeans.org/ns/projectui-open-files/2">
        <group>
            <file>file:/C:/Users/keach/Documents/TUT%202024%20Academic%20year/INT316D/Exam%20paractice/ClasslistWebApp/web/add_outcome.jsp</file>
            <file>file:/C:/Users/keach/Documents/TUT%202024%20Academic%20year/INT316D/Exam%20paractice/ClasslistWebApp/web/update.html</file>
            <file>file:/C:/Users/keach/Documents/TUT%202024%20Academic%20year/INT316D/Exam%20paractice/ClasslistWebApp/src/java/za/ac/tut/web/UpdateServlet.java</file>
            <file>file:/C:/Users/keach/Documents/TUT%202024%20Academic%20year/INT316D/Exam%20paractice/ClasslistWebApp/src/java/za/ac/tut/web/AddServlet.java</file>
            <file>file:/C:/Users/keach/Documents/TUT%202024%20Academic%20year/INT316D/Exam%20paractice/ClasslistWebApp/web/update_outcome.jsp</file>
            <file>file:/C:/Users/keach/Documents/TUT%202024%20Academic%20year/INT316D/Exam%20paractice/ClasslistWebApp/web/menu.html</file>
            <file>file:/C:/Users/keach/Documents/TUT%202024%20Academic%20year/INT316D/Exam%20paractice/ClasslistWebApp/src/java/za/ac/tut/web/SearchServlet.java</file>
            <file>file:/C:/Users/keach/Documents/TUT%202024%20Academic%20year/INT316D/Exam%20paractice/ClasslistWebApp/web/search.html</file>
            <file>file:/C:/Users/keach/Documents/TUT%202024%20Academic%20year/INT316D/Exam%20paractice/ClasslistWebApp/web/search_outcome.jsp</file>
            <file>file:/C:/Users/keach/Documents/TUT%202024%20Academic%20year/INT316D/Exam%20paractice/ClasslistWebApp/web/add.html</file>
        </group>
    </open-files>
</project-private>
