<?xml version="1.0" encoding="UTF-8"?>
<project-private xmlns="http://www.netbeans.org/ns/project-private/1">
    <editor-bookmarks xmlns="http://www.netbeans.org/ns/editor-bookmarks/2" lastBookmarkId="0"/>
    <open-files xmlns="http://www.netbeans.org/ns/projectui-open-files/2">
        <group>
            <file>file:/C:/Users/keach/Documents/TUT%202023%20academic%20year/S2/AOP216D/Practice/Threads/AccountApp/src/za/ac/tut/threads/DepositThread.java</file>
            <file>file:/C:/Users/keach/Documents/TUT%202023%20academic%20year/S2/AOP216D/Practice/Threads/AccountApp/src/za/ac/tut/bl/AccountManager.java</file>
            <file>file:/C:/Users/keach/Documents/TUT%202023%20academic%20year/S2/AOP216D/Practice/Threads/AccountApp/src/accountapp/AccountApp.java</file>
            <file>file:/C:/Users/keach/Documents/TUT%202023%20academic%20year/S2/AOP216D/Practice/Threads/AccountApp/src/za/ac/tut/entity/Account.java</file>
            <file>file:/C:/Users/keach/Documents/TUT%202023%20academic%20year/S2/AOP216D/Practice/Threads/AccountApp/src/za/ac/tut/threads/WthdrawThread.java</file>
            <file>file:/C:/Users/keach/Documents/TUT%202023%20academic%20year/S2/AOP216D/Practice/Threads/AccountApp/src/za/ac/tut/threads/BalanceTread.java</file>
            <file>file:/C:/Users/keach/Documents/TUT%202023%20academic%20year/S2/AOP216D/Practice/Threads/AccountApp/src/za/ac/tut/bl/AccountManagerInterface.java</file>
        </group>
    </open-files>
</project-private>
